thema;indicator;eerste_jaar;laatste_jaar;n_metingen;startwaarde;laatste_waarde;eenheid;bron;herkomst;doel_tekst;legitimatie;doelsoort;coalitiedoel;doel;doeljaar;heeft_raming;raming_jaar;raming_waarde;raming_bron;doel_alt;doel_alt_label;richting;helling;r2;projectie;afstand;gat;gat_projectie;status;beweging;verandering;verandering_pct;heeft_streefwaarde
Bestaanszekerheid;% personen onder NL-armoedegrens (nieuwe CBS–SCP–Nibud-methode);2020;2024;5;5,10000000000000;3,10000000000000;NA;CBS/SCP/Nibud;Rekenkamer;Niet hoger dan 2024: 3,1%;het Europees Sociaal Handvest (artikel 30), het VN-Verdrag inzake Economische, Sociale en Culturele Rechten (ICESCR) en de VN-doelen (SDG 1) om armoede in 2030 uit te bannen;Wet of verdrag;NA;3,1;2024;FALSE;NA;NA;NA;NA;NA;lager;-6,19999999999995e-01;0,80892255892255926;2,599999999999909;1,00000000000000000;0,00000000000000e+00;5,00000000000091e-01;Doel gehaald;Goede kant op;-1,9999999999999996;-0,39215686274509798;TRUE
Bestaanszekerheid;Armoede intensiteit (% inkomenstekort ten opzichte van de armoedegrens bij de mediaan binnen de groep in armoede);2020;2024;5;11,00000000000000;19,00000000000000;NA;CBS/SCP/Nibud;Rekenkamer;Lager is beter;het Europees Sociaal Handvest (artikel 30), het VN-Verdrag inzake Economische, Sociale en Culturele Rechten (ICESCR) en de VN-doelen (SDG 1) om armoede in 2030 uit te bannen;Wet of verdrag;NA;NA;NA;FALSE;NA;NA;NA;NA;NA;lager;2,49999999999997e+00;0,83111702127659137;NA;NA;NA;NA;Alleen richting;Verkeerde kant op;8,0000000000000000;0,72727272727272729;FALSE
Bestaanszekerheid;Huishoudens met problematische schulden (%);2020;2025;6;7,90000000000000;8,60000000000000;%;CBS;Rekenkamer;Hoe minder hoe beter;Participatiewet 2015;Wet of verdrag;NA;NA;NA;FALSE;NA;NA;NA;NA;NA;lager;2,22857142857176e-01;0,69346504559274225;NA;NA;NA;NA;Alleen richting;Verkeerde kant op;0,6999999999999993;0,08860759493670876;FALSE
Bestaanszekerheid;Kinderarmoede (% kinderen < 18);2020;2024;5;6,20000000000000;2,80000000000000;% kinderen < 18;CBS/CPB;Rekenkamer;Niet hoger dan 2024: 2,8%;het Europees Sociaal Handvest (artikel 30), het VN-Verdrag inzake Economische, Sociale en Culturele Rechten (ICESCR) en de VN-doelen (SDG 1) om armoede in 2030 uit te bannen;Wet of verdrag;NA;2,8;2024;FALSE;NA;NA;NA;NA;NA;lager;-9,59999999999993e-01;0,93658536585365848;2,379999999999427;1,00000000000000000;0,00000000000000e+00;4,20000000000573e-01;Doel gehaald;Goede kant op;-3,4000000000000004;-0,54838709677419362;TRUE
Binnenlandse Veiligheid;Aantal geregistreerde misdrijven;2020;2025;6;813,00000000000000;816,00000000000000;NA;CBS/Politie;Rekenkamer;Lager # is beter;Versterking prestaties strafrechtketen (VPS), Strategische agenda politie;Beleidsafspraak;NA;NA;NA;FALSE;NA;NA;NA;NA;NA;lager;5,57142857143032e+00;0,20157620844127497;NA;NA;NA;NA;Alleen richting;Verkeerde kant op;3,0000000000000000;0,00369003690036900;FALSE
Binnenlandse Veiligheid;Aantal opgehelderde misdrijven;2020;2025;6;220,00000000000000;180,00000000000000;NA;CBS/Politie;Rekenkamer;Meer opgehelderd is beter (hoger aantal);Versterking prestaties strafrechtketen (VPS), Strategische agenda politie;Beleidsafspraak;NA;NA;NA;FALSE;NA;NA;NA;NA;NA;hoger;-5,85714285714396e+00;0,35492588995401531;NA;NA;NA;NA;Alleen richting;Verkeerde kant op;-40,0000000000000000;-0,18181818181818182;FALSE
Binnenlandse Veiligheid;High Impact Crimes x 1.000;2020;2024;5;115,08000000000000;103,73000000000002;NA;CBS;Rekenkamer;Hoe minder hoe beter;Wetboek van Strafrecht, ingediende moties en toezeggingen aan de Kamer;Wet of verdrag;NA;NA;NA;FALSE;NA;NA;NA;NA;NA;lager;-2,37000000000000e+00;0,48243665683739650;NA;NA;NA;NA;Alleen richting;Goede kant op;-11,3499999999999801;-0,09862704205769882;FALSE
Binnenlandse Veiligheid;National Cybersecurity Index - NL (ranking);2022;2024;2;20,00000000000000;35,00000000000000;ranking;e-Governance Academy (Estland);Rekenkamer;hoe lager het cijfer van de ranking, hoe beter;"NIS2-richtlijn; Cyberbeveiligingswet";Wet of verdrag;NA;NA;NA;FALSE;NA;NA;NA;NA;NA;lager;NA;NA;NA;NA;NA;NA;Alleen richting;NA;15,0000000000000000;0,75000000000000000;FALSE
Binnenlandse Veiligheid;National Cybersecurity Index - NL (score);2022;2024;2;83,12000000000000;81,67000000000000;score;e-Governance Academy (Estland);Rekenkamer;Hoe hoger, hoe beter;"NIS2-richtlijn; Cyberbeveiligingswet";Wet of verdrag;NA;NA;NA;FALSE;NA;NA;NA;NA;NA;hoger;NA;NA;NA;NA;NA;NA;Alleen richting;NA;-1,4500000000000028;-0,01744465832531283;FALSE
Binnenlandse Veiligheid;Ophelderingspercentage misdrijven;2020;2025;6;27,06027060270602;22,05000000000000;NA;CBS/Politie;Rekenkamer;hoger % opgehelderd is beter;Versterking prestaties strafrechtketen (VPS), Strategische agenda politie;Beleidsafspraak;NA;NA;NA;FALSE;NA;NA;NA;NA;NA;hoger;-9,07186155889870e-01;0,52043345309131639;NA;NA;NA;NA;Alleen richting;Verkeerde kant op;-5,0102706027060222;-0,18515227272727258;FALSE
Binnenlandse Veiligheid;Slachtoffers traditionele criminaliteit (% bevolking);2021;2025;3;17,10000000000000;20,00000000000000;% bevolking;CBS;Rekenkamer;Hoe minder hoe beter;Breed gehanteerde indicator;Overig;NA;NA;NA;FALSE;NA;NA;NA;NA;NA;lager;7,25000000000088e-01;0,77583025830249730;NA;NA;NA;NA;Alleen richting;Verkeerde kant op;2,8999999999999986;0,16959064327485371;FALSE
Binnenlandse Veiligheid;Slachtoffers van moord en doodslag per 100.000 inwoners;2020;2024;5;0,69000000000000;0,68000000000000;NA;CBS;Rekenkamer;Hoe minder hoe beter;Breed gehanteerde indicator;Overig;NA;NA;NA;FALSE;NA;NA;NA;NA;NA;lager;-3,99999999999979e-03;0,01454545454545327;NA;NA;NA;NA;Alleen richting;Goede kant op;-0,0099999999999999;-0,01449275362318826;FALSE
Defensie en Ontwikkelingssamenwerking;Defensie uitgaven (NAVO-norm);2020;2025;6;1,41000000000000;2,22000000000000;NAVO-norm;Defensie;Rekenkamer;2035: 3,5% BBP;NATO guideline 2014 (2%) en Defence Investment Plan 2025 (3,5% + 1,5%);Overig;Wettelijke verankering NAVO-norm van 3,5% BBP;3,5;2035;FALSE;NA;NA;NA;NA;NA;hoger;1,56000000000029e-01;0,74454545454554444;3,560000000000286;0,38755980861244033;1,28000000000000e+00;-6,00000000002865e-02;Op koers;Goede kant op;0,8100000000000003;0,57446808510638325;TRUE
Defensie en Ontwikkelingssamenwerking;Investeringsquote defensie uitgaven (% defensie-uitgaven voor investeringen);2022;2025;4;24,90000000000000;30,10000000000000;NA;Defensie;Rekenkamer;> 20%;NATO Defence Investment Pledge (2014) en Defence Planning Capability Review;Overig;NA;20,0;2030;FALSE;NA;NA;NA;NA;NA;hoger;1,84000000000000e+00;0,75978456014362616;38,360000000000127;-1,06122448979591932;-1,01000000000000e+01;-1,83600000000001e+01;Doel gehaald;Goede kant op;5,2000000000000028;0,20883534136546197;TRUE
Defensie en Ontwikkelingssamenwerking;Uitgaven ontwikkelingssamenwerking (als % BNI);2020;2025;6;0,59000000000000;0,54000000000000;als % BNI;CBS;Rekenkamer;7.0000000000000001E-3;VN-resolutie 2626 (XXV) en overgenomen in EU-verplichtingen en SDG 17.2;Overig;NA;0,7;2030;FALSE;NA;NA;NA;NA;NA;hoger;1,14285714285694e-03;0,00120300751879625;0,608571428571427;-0,45454545454545398;1,60000000000000e-01;9,14285714285734e-02;Te traag;Goede kant op;-0,0499999999999999;-0,08474576271186429;TRUE
Defensie en Ontwikkelingssamenwerking;Vullingsgraad formatie krijgsmacht (Militair personeel);2021;2025;5;79,90000000000001;79,50000000000000;Militair personeel;Defensie;Rekenkamer;2025: 86,7%;Jaarverslagen ministerie van Defensie;Overig;NA;86,7;2025;FALSE;NA;NA;NA;NA;NA;hoger;-3,50000000000021e-01;0,24209486166007801;78,400000000000091;-0,05882352941176557;7,20000000000000e+00;8,29999999999991e+00;Verkeerde richting;Verkeerde kant op;-0,4000000000000057;-0,00500625782227792;TRUE
Economie & Arbeidsmarkt;"Arbeidsproductiviteit (toegevoegde waarde per gewerkt uur; index, 2021 = 100)";2020;2024;5;97,00000000000000;99,90000000000001;NA;CBS;Rekenkamer;een hogere indexscore is beter;Beleid Europese Commissie, Productiviteitsagenda;Internationale afspraak;NA;NA;NA;FALSE;NA;NA;NA;NA;NA;hoger;5,80000000000007e-01;0,26347117794486929;NA;NA;NA;NA;Alleen richting;Goede kant op;2,9000000000000057;0,02989690721649491;FALSE
Economie & Arbeidsmarkt;BBP reële groei;2020;2024;5;-3,90000000000000;1,10000000000000;NA;CBS;Rekenkamer;NA;Europese Stabiliteits- en Groeipact;Internationale afspraak;Actief sturen op 1,5% structurele economische groei;NA;NA;FALSE;NA;NA;NA;NA;NA;hoger;3,10000000000017e-01;0,01392995883342211;NA;NA;NA;NA;Alleen richting;Goede kant op;5,0000000000000000;1,28205128205128216;FALSE
Economie & Arbeidsmarkt;"Concurrentiekracht (World Competitiveness Ranking); rang NL binnen Europa";2020;2025;6;3,00000000000000;5,00000000000000;NA;IMD;Rekenkamer;Hogere rang is beter;Beleid Europese Commissie in navolging rapport Draghi;Internationale afspraak;NA;NA;NA;FALSE;NA;NA;NA;NA;NA;hoger;3,71428571428605e-01;0,85210084033608058;NA;NA;NA;NA;Alleen richting;Goede kant op;2,0000000000000000;0,66666666666666663;FALSE
Economie & Arbeidsmarkt;Netto arbeidsparticipatie (% 15-75-jarigen met betaald werk);2020;2025;6;69,59999999999999;73,20000000000000;NA;CBS;Rekenkamer;een hoger % is beter;Participatiewet;Wet of verdrag;NA;NA;NA;FALSE;NA;NA;NA;NA;NA;hoger;7,80000000000076e-01;0,85621230398065729;NA;NA;NA;NA;Alleen richting;Goede kant op;3,6000000000000085;0,05172413793103461;FALSE
Economie & Arbeidsmarkt;R en D uitgaven (% BBP);2013;2024;12;2,14000000000000;2,36000000000000;% BBP;CBS StatLine 84644NED;CBS;0.03;EU Lissabondoelstelling, vastgelegd in Europe 2020 strategy;Internationale afspraak;Bewegen richting Lissabon-doelstelling van 3%;3,0;2030;FALSE;NA;NA;NA;2,5;Nederlands doel (2,5% sinds 2011, EZLI);hoger;2,49090909090912e-02;0,72045294606871479;2,456545454545456;0,25581395348837183;6,40000000000000e-01;5,43454545454544e-01;Te traag;Goede kant op;0,2199999999999998;0,10280373831775688;TRUE
Economie & Arbeidsmarkt;Werkloosheid (% werkzoekenden 15-75 jaar die direct beschikbaar zijn als percentage van beroepsbevolking);2020;2025;6;4,80000000000000;3,90000000000000;NA;CBS;Rekenkamer;een lager % is beter;Europese intitatieven uit Europees Parlement: Europese Werkgelegenheidsstrategie;Internationale afspraak;NA;NA;NA;FALSE;NA;NA;NA;NA;NA;lager;-1,68571428571428e-01;0,42322188449837267;NA;NA;NA;NA;Alleen richting;Goede kant op;-0,8999999999999999;-0,18750000000000000;FALSE
Gelijkheid/non-discriminatie;Ervaren discriminatie (% personen 15+);2021;2025;3;11,20000000000000;12,00000000000000;% personen 15+;CBS Veiligheidsmonitor;Rekenkamer;Hoe lager, hoe beter;Arikel 1 van de Grondwet, Algemene wet gelijke behandeling (AWGB), artikel 137 Wetboek van Strafrecht;Wet of verdrag;NA;NA;NA;FALSE;NA;NA;NA;NA;NA;lager;2,00000000000058e-01;0,42857142857153047;NA;NA;NA;NA;Alleen richting;Verkeerde kant op;0,8000000000000007;0,07142857142857149;FALSE
Gelijkheid/non-discriminatie;Gender-equality index (rang);2025;2025;1;5,00000000000000;5,00000000000000;rang;EIGE;Rekenkamer;Een hogere positie (lager getal) is beter;VN-Vrouwenverdrag (CEDAW) en het Verdrag van Istanbul;Wet of verdrag;NA;NA;NA;FALSE;NA;NA;NA;NA;NA;lager;NA;NA;NA;NA;NA;NA;Alleen richting;NA;0,0000000000000000;0,00000000000000000;FALSE
Gelijkheid/non-discriminatie;Gender-equality index (score);2020;2025;2;64,70000000000000;69,50000000000000;score;EIGE;Rekenkamer;Hoe hoger, hoe beter;VN-Vrouwenverdrag (CEDAW) en het Verdrag van Istanbul;Wet of verdrag;NA;NA;NA;FALSE;NA;NA;NA;NA;NA;hoger;NA;NA;NA;NA;NA;NA;Alleen richting;NA;4,7999999999999972;0,07418856259659964;FALSE
Gelijkheid/non-discriminatie;Inkomensongelijkheid (Gini-coëfficiënt);2020;2024;5;0,29200000000000;0,30800000000000;Gini-coëfficiënt;CBS;Rekenkamer;Hoe lager, hoe beter;Duurzame Ontwikkelingsdoelen (SDG’s) van de Verenigde Naties voor de periode 2015-2030 (nr. 10);Overig;NA;NA;NA;FALSE;NA;NA;NA;NA;NA;lager;5,49999999999996e-03;0,54406474820143624;NA;NA;NA;NA;Alleen richting;Verkeerde kant op;0,0160000000000000;0,05479452054794526;FALSE
Gelijkheid/non-discriminatie;Loonkloof man/vrouw (inkomen vrouwen als % van inkomen mannen);2020;2025;6;86,30000000000000;90,30000000000000;NA;CBS;Rekenkamer;Een hoger % is beter;Wet Loontransparantie (2026);Wet of verdrag;NA;NA;NA;FALSE;NA;NA;NA;NA;NA;hoger;8,05714285714397e-01;0,96276029055693690;NA;NA;NA;NA;Alleen richting;Goede kant op;4,0000000000000000;0,04634994206257242;FALSE
Gelijkheid/non-discriminatie;Vermogensongelijkheid (Gini-coëfficiënt);2020;2024;5;0,76600000000000;0,72500000000000;Gini-coëfficiënt;CBS;Rekenkamer;Hoe lager, hoe beter;Duurzame Ontwikkelingsdoelen (SDG’s) van de Verenigde Naties voor de periode 2015-2030 (nr. 10);Overig;NA;NA;NA;FALSE;NA;NA;NA;NA;NA;lager;-9,39999999999992e-03;0,63604952490643085;NA;NA;NA;NA;Alleen richting;Goede kant op;-0,0410000000000000;-0,05352480417754574;FALSE
Gelijkheid/non-discriminatie;Verschil (in jaren) gezonde levensverwachting tussen hoogste en laagste inkomenskwintiel (mannen);2020;2022;2;22,70000000000000;20,80000000000000;mannen;CBS/RIVM;Rekenkamer;Hoe lager/kleiner, hoe beter;Nationaal Preventieakkoord 2018;Beleidsafspraak;NA;NA;NA;FALSE;NA;NA;NA;NA;NA;lager;NA;NA;NA;NA;NA;NA;Alleen richting;NA;-1,8999999999999986;-0,08370044052863430;FALSE
Gelijkheid/non-discriminatie;Verschil (in jaren) gezonde levensverwachting tussen hoogste en laagste inkomenskwintiel (vrouwen);2020;2022;2;21,60000000000000;21,70000000000000;vrouwen;CBS/RIVM;Rekenkamer;Hoe lager/kleiner, hoe beter;Nationaal Preventieakkoord 2018;Beleidsafspraak;NA;NA;NA;FALSE;NA;NA;NA;NA;NA;lager;NA;NA;NA;NA;NA;NA;Alleen richting;NA;0,0999999999999979;0,00462962962962953;FALSE
Kennis & Vaardigheden;Aantallen vroegtijdig schoolverlaters (12-23 jaar);2020;2024;5;26360,00000000000000;34210,00000000000000;12-23 jaar;CBS;Rekenkamer;Maximum 2026: 18.000;Wet educatie en beroepsonderwijs, Wet op hoger onderwijs en wetenschappelijk onderzoek;Wet of verdrag;NA;18000,0;2026;FALSE;NA;NA;NA;NA;NA;lager;2,25799999999999e+03;0,67925679568009900;41206,000000000931323;-0,93899521531100483;-1,62100000000000e+04;-2,32060000000009e+04;Verkeerde richting;Verkeerde kant op;7850,0000000000000000;0,29779969650986343;TRUE
Kennis & Vaardigheden;Minimaal digitale basisvaardigheden (% personen > 12 jaar);2021;2023;2;74,30000000000000;78,70000000000000;% personen > 12 jaar;CBS;Rekenkamer;Doel 2030: 80%;Europees beleid: The Digital Decade;Internationale afspraak;NA;80,0;2030;FALSE;NA;NA;NA;NA;NA;hoger;NA;NA;NA;0,77192982456140413;1,30000000000000e+00;NA;Te weinig data;NA;4,4000000000000057;0,05921938088829079;TRUE
Kennis & Vaardigheden;PIAAC-scores probleemoplossend vermogen;2012;2023;2;286,00000000000000;265,00000000000000;NA;OECD;Rekenkamer;een hogere score is beter;"Wet educatie en beroepsonderwijs; Wet op hoger onderwijs en wetenschappelijk onderzoek";Wet of verdrag;NA;NA;NA;FALSE;NA;NA;NA;NA;NA;hoger;NA;NA;NA;NA;NA;NA;Alleen richting;NA;-21,0000000000000000;-0,07342657342657342;FALSE
Kennis & Vaardigheden;PIAAC-scores rekenvaardigheid;2012;2023;2;288,00000000000000;284,00000000000000;NA;OECD;Rekenkamer;een hogere score is beter;"Wet educatie en beroepsonderwijs; Wet op hoger onderwijs en wetenschappelijk onderzoek";Wet of verdrag;NA;NA;NA;FALSE;NA;NA;NA;NA;NA;hoger;NA;NA;NA;NA;NA;NA;Alleen richting;NA;-4,0000000000000000;-0,01388888888888889;FALSE
Kennis & Vaardigheden;PIAAC-scores taalvaardigheid;2012;2023;2;284,00000000000000;279,00000000000000;NA;OECD;Rekenkamer;een hogere score is beter;"Wet educatie en beroepsonderwijs; Wet op hoger onderwijs en wetenschappelijk onderzoek";Wet of verdrag;NA;NA;NA;FALSE;NA;NA;NA;NA;NA;hoger;NA;NA;NA;NA;NA;NA;Alleen richting;NA;-5,0000000000000000;-0,01760563380281690;FALSE
Kennis & Vaardigheden;PISA-scores lezen;2018;2022;2;485,00000000000000;459,00000000000000;NA;OECD;Rekenkamer;een hogere score is beter;"Wet op primair onderwijs; Wet op voorgezet onderwijs 2020";Wet of verdrag;NA;NA;NA;FALSE;NA;NA;NA;NA;NA;hoger;NA;NA;NA;NA;NA;NA;Alleen richting;NA;-26,0000000000000000;-0,05360824742268041;FALSE
Kennis & Vaardigheden;PISA-scores science;2018;2022;2;503,00000000000000;488,00000000000000;NA;OECD;Rekenkamer;een hogere score is beter;"Wet op primair onderwijs; Wet op voorgezet onderwijs 2021";Wet of verdrag;NA;NA;NA;FALSE;NA;NA;NA;NA;NA;hoger;NA;NA;NA;NA;NA;NA;Alleen richting;NA;-15,0000000000000000;-0,02982107355864811;FALSE
Kennis & Vaardigheden;PISA-scores wiskunde;2018;2022;2;519,00000000000000;493,00000000000000;NA;OECD;Rekenkamer;een hogere score is beter;"Wet op primair onderwijs; Wet op voorgezet onderwijs 2020";Wet of verdrag;NA;NA;NA;FALSE;NA;NA;NA;NA;NA;hoger;NA;NA;NA;NA;NA;NA;Alleen richting;NA;-26,0000000000000000;-0,05009633911368015;FALSE
Klimaat en Milieu;Aandeel Natura 2000 dat voldoende onder de Kritische DepositieWaarde (KDW) zit;2020;2025;6;28,60000000000000;29,90000000000000;NA;RIVM/PBL/CLO;Rekenkamer;"Doel 2030: 50%; 2035: 74%";Wet stikstofreductie en natuurverbetering;Wet of verdrag;NA;50,0;2030;FALSE;NA;NA;NA;NA;NA;hoger;2,08571428571421e-01;0,12132043255545653;31,314285714285518;0,06074766355140174;2,01000000000000e+01;1,86857142857145e+01;Te traag;Goede kant op;1,2999999999999972;0,04545454545454535;TRUE
Klimaat en Milieu;Ammoniak-uitstoot (NH3) (industrie);2020;2024;5;1,57338668037274;1,04682024715856;industrie;RIVM;Rekenkamer;2035: 0,7;Wet stikstofreductie en natuurverbetering;Wet of verdrag;2035: 50% NH3 t.o.v. 2019;0,7;2035;FALSE;NA;NA;NA;NA;NA;lager;-1,41554118165960e-01;0,97286294157842201;-0,540034255541173;0,60290183609103254;-3,46820247158562e-01;1,24003425554117e+00;Op koers;Goede kant op;-0,5265664332141744;-0,33467070732379056;TRUE
Klimaat en Milieu;Ammoniak-uitstoot (NH3) (landbouw);2020;2024;5;107,42000000000000;94,91391867069437;landbouw;RIVM;Rekenkamer;2035: 62,6 (42%);Wet stikstofreductie en natuurverbetering;Wet of verdrag;2035: 42%-46% NH3 t.o.v. 2019;62,6;2035;FALSE;NA;NA;NA;NA;NA;lager;-3,13513174081334e+00;0,95994734677964866;61,437001510673326;0,27902903456728312;-3,23139186706944e+01;1,16299848932668e+00;Op koers;Goede kant op;-12,5060813293056299;-0,11642228010897067;TRUE
Klimaat en Milieu;Broeikasgasemissies (CO2-eq. Mton);2020;2025;6;167,80000000000001;145,59999999999999;CO2-eq. Mton;CBS;Rekenkamer;2040: -90% t.o.v. 1990 = 22,7;Akkoord van Parijs en EU en Nationale Klimaatwet;Wet of verdrag;90% in 2040 t.o.v. 1990;22,7;2040;FALSE;NA;NA;NA;NA;NA;lager;-5,71428571428650e+00;0,82319432325196928;55,099999999989450;0,15299793246037224;-1,22900000000000e+02;-3,23999999999894e+01;Te traag;Goede kant op;-22,2000000000000171;-0,13230035756853406;TRUE
Klimaat en Milieu;Hernieuwbare energie - eindgebruik (%);2020;2024;5;11,47000000000000;20,18000000000000;%;CBS;Rekenkamer;Doel 2030: 39%;Wet implementatie EU-richtlijn hernieuwbare energie;Wet of verdrag;NA;39,0;2030;FALSE;NA;NA;NA;NA;NA;hoger;2,18899999999998e+00;0,99381546145007493;33,042000000000371;0,31638212858699594;1,88200000000000e+01;5,95799999999963e+00;Te traag;Goede kant op;8,7099999999999991;0,75937227550130759;TRUE
Klimaat en Milieu;Kwaliteit oppervlaktewater (biologisch) (% van goede kwaliteit));2021;2024;2;13,90000000000000;14,63000000000000;NA;CBS;Rekenkamer;Doel 2027: 100%;Kaderrichtlijn Water;Overig;NA;100,0;2027;FALSE;NA;NA;NA;NA;NA;hoger;NA;NA;NA;0,00847851335656214;8,53700000000000e+01;NA;Te weinig data;NA;0,7300000000000004;0,05251798561151082;TRUE
Klimaat en Milieu;Kwaliteit oppervlaktewater (chemisch) (% van voldoende kwaliteit));2021;2024;2;9,40000000000000;0,67000000000000;NA;CBS;Rekenkamer;Doel 2027: 100%;Kaderrichtlijn Water;Overig;NA;100,0;2027;FALSE;NA;NA;NA;NA;NA;hoger;NA;NA;NA;-0,09635761589403975;9,93300000000000e+01;NA;Te weinig data;NA;-8,7300000000000004;-0,92872340425531918;TRUE
Klimaat en Milieu;Living Planet Index - NL (fauna het land) (1990 = 100);2020;2024;5;75,00000000000000;69,00000000000000;1990 = 100;CBS;Rekenkamer;een hoger indexgetal is beter;Europese natuurherstelwet;Wet of verdrag;NA;NA;NA;FALSE;NA;NA;NA;NA;NA;hoger;-1,29999999999998e+00;0,76818181818181364;NA;NA;NA;NA;Alleen richting;Verkeerde kant op;-6,0000000000000000;-0,08000000000000000;FALSE
Klimaat en Milieu;Living Planet Index - NL (fauna zoetwater);2020;2024;5;181,00000000000000;159,00000000000000;fauna zoetwater;CBS;Rekenkamer;een hoger indexgetal is beter;Europese natuurherstelwet;Wet of verdrag;NA;NA;NA;FALSE;NA;NA;NA;NA;NA;hoger;-3,89999999999994e+00;0,26461377870563302;NA;NA;NA;NA;Alleen richting;Verkeerde kant op;-22,0000000000000000;-0,12154696132596685;FALSE
Klimaat en Milieu;NOx-uistoot (mobiliteit);2020;2024;5;145,14243124822607;122,40657568456956;mobiliteit;RIVM;Rekenkamer;2035: 80,6;Wet stikstofreductie en natuurverbetering;Wet of verdrag;2035: 50% NOx t.o.v. 2019;80,6;2035;FALSE;NA;NA;NA;NA;NA;lager;-5,58924234947305e+00;0,95822709634683323;61,817554871424363;0,35226214947211798;-4,18065756845696e+01;1,87824451285756e+01;Op koers;Goede kant op;-22,7358555636565143;-0,15664513380496642;TRUE
Klimaat en Milieu;Stikstofdepositie gevoelige natuurgebieden (mol/ha);2020;2025;6;1425,00000000000000;1348,00000000000000;mol/ha;RIVM;Rekenkamer;Doel 2035: 850 mol/ha;Wet stikstofreductie en natuurverbetering;Wet of verdrag;NA;850,0;2035;FALSE;NA;NA;NA;NA;NA;lager;-1,89714285714298e+01;0,21069963043198583;1116,523809523801901;0,13391304347826086;-4,98000000000000e+02;-2,66523809523802e+02;Te traag;Goede kant op;-77,0000000000000000;-0,05403508771929825;TRUE
Overheidsfinanciën & Openbaar bestuur;"""Rule of Law""-index (rang)";2020;2025;6;5,00000000000000;9,00000000000000;rang;World Justice Project;Rekenkamer;een lagere rang (getal) is beter;Breed gehanteerde indicator, score gebaseerd op data 8 thema's zoals corruptie, mensenrechten en strafrecht;Overig;NA;NA;NA;FALSE;NA;NA;NA;NA;NA;lager;8,00000000000116e-01;0,84000000000003472;NA;NA;NA;NA;Alleen richting;Verkeerde kant op;4,0000000000000000;0,80000000000000004;FALSE
Overheidsfinanciën & Openbaar bestuur;"""Rule of Law""-index (score)";2020;2025;6;0,84000000000000;0,82000000000000;score;World Justice Project;Rekenkamer;een hogere score is beter;Breed gehanteerde indicator, score gebaseerd op data 8 thema's zoals corruptie, mensenrechten en strafrecht;Overig;NA;NA;NA;FALSE;NA;NA;NA;NA;NA;hoger;-2,85714285714309e-03;0,71428571428564314;NA;NA;NA;NA;Alleen richting;Verkeerde kant op;-0,0200000000000000;-0,02380952380952383;FALSE
Overheidsfinanciën & Openbaar bestuur;EMU-saldo (% BBP);1995;2025;31;-8,70000000000000;-1,60000000000000;% BBP;CBS StatLine 84118NED;CBS;niet lager dan -3%;"Verdrag van Maastricht; Wet HOF; SGP";Wet of verdrag;niet lager dan -3%;-3,0;2030;FALSE;NA;NA;NA;NA;NA;hoger;-2,67878787878784e-01;0,20639106164137350;-2,904848484848458;1,24561403508771940;-1,40000000000000e+00;-9,51515151515423e-02;Doel gehaald;Verkeerde kant op;7,0999999999999996;0,81609195402298851;TRUE
Overheidsfinanciën & Openbaar bestuur;EMU-saldo (€ mld);2020;2025;6;-30,34700000000000;-18,70000000000000;€ mld;CBS;Rekenkamer;NA;"Verdrag van Maastricht; Wet HOF; SGP";Wet of verdrag;NA;NA;NA;FALSE;NA;NA;NA;NA;NA;hoger;1,93922857142804e+00;0,03972426727336927;NA;NA;NA;NA;Alleen richting;Goede kant op;11,6470000000000020;0,38379411473951303;FALSE
Overheidsfinanciën & Openbaar bestuur;EMU-schuld (% BBP);1995;2025;31;73,20000000000000;44,70000000000000;% BBP;CBS StatLine 84118NED;CBS;max. 60%;"Verdrag van Maastricht; Wet HOF; SGP";Wet of verdrag;NA;60,0;2030;FALSE;NA;NA;NA;NA;NA;lager;-1,57030303030302e+00;0,79166264248123042;35,392121212120855;2,15909090909090873;1,53000000000000e+01;2,46078787878791e+01;Doel gehaald;Goede kant op;-28,5000000000000000;-0,38934426229508196;TRUE
Overheidsfinanciën & Openbaar bestuur;Totale overheidsuitgaven als % BBP;2020;2025;6;47,80000000000000;44,90000000000000;NA;CBS;Rekenkamer;NA;Europese Stabiliteits- en Groeipact;Internationale afspraak;NA;NA;NA;FALSE;NA;NA;NA;NA;NA;NA;-5,31428571428569e-01;0,37920350748984866;NA;NA;NA;NA;Geen richting;NA;-2,8999999999999986;-0,06066945606694558;FALSE
Overheidsfinanciën & Openbaar bestuur;Vertrouwen in Tweede Kamer (% met (tamelijk) veel vertrouwen);2020;2025;6;53,20000000000000;24,60000000000000;NA;CBS;Rekenkamer;een hoger % is beter;Legitimiteit parlementaire democratie, Vertrouwensregel;Overig;NA;NA;NA;FALSE;NA;NA;NA;NA;NA;hoger;-5,06857142857179e+00;0,79793341841253862;NA;NA;NA;NA;Alleen richting;Verkeerde kant op;-28,6000000000000014;-0,53759398496240607;FALSE
Wonen;(Mediane) Woonquote (eigenaar);2020;2023;4;18,70000000000000;17,10000000000000;eigenaar;CBS;Rekenkamer;Lager is beter;Woningwet;Wet of verdrag;NA;NA;NA;FALSE;NA;NA;NA;NA;NA;lager;-5,99999999999998e-01;0,88235294117647067;NA;NA;NA;NA;Alleen richting;Goede kant op;-1,5999999999999979;-0,08556149732620309;FALSE
Wonen;(Mediane) Woonquote (huurder);2020;2023;4;29,60000000000000;26,40000000000000;huurder;CBS;Rekenkamer;Lager is beter;Woningwet;Wet of verdrag;NA;NA;NA;FALSE;NA;NA;NA;NA;NA;lager;-1,42000000000000e+00;0,64216560509554188;NA;NA;NA;NA;Alleen richting;Goede kant op;-3,2000000000000028;-0,10810810810810820;FALSE
Wonen;Dakloosheid (dakloze mensen x 1.000);2020;2024;5;36,40000000000000;33,00000000000000;dakloze mensen x 1.000;NA;Rekenkamer;2030: nul daklozen;"Grondwet, VN-verdrag (recht op wonen); Nationaal Actieplan Dakloosheid";Wet of verdrag;NA;0,0;2030;FALSE;NA;NA;NA;NA;NA;lager;-8,20000000000006e-01;0,13161603507673406;25,159999999999854;0,09340659340659337;-3,30000000000000e+01;-2,51599999999999e+01;Te traag;Goede kant op;-3,3999999999999986;-0,09340659340659337;TRUE
Wonen;Verdeling woningvoorraad naar eigendom (koop);2020;2025;6;4517,92100000000028;4754,00000000000000;koop;CBS;Rekenkamer;NA;Programma Woningbouw 2022;Overig;NA;NA;NA;FALSE;NA;NA;NA;NA;NA;NA;4,65368285714346e+01;0,98599596305755610;NA;NA;NA;NA;Geen richting;NA;236,0789999999997235;0,05225390173931765;FALSE
Wonen;Verdeling woningvoorraad naar eigendom (sociale huur);2020;2025;6;2298,88500000000022;2332,00000000000000;sociale huur;CBS;Rekenkamer;Meer is beter;Programma Woningbouw 2022;Overig;NA;NA;NA;FALSE;NA;NA;NA;NA;NA;hoger;6,62388571428645e+00;0,95295610034912048;NA;NA;NA;NA;Alleen richting;Goede kant op;33,1149999999997817;0,01440480928798082;FALSE
Wonen;Verdeling woningvoorraad naar eigendom (vrije sectorhuur);2020;2025;6;1058,83600000000001;1181,00000000000000;vrije sectorhuur;CBS;Rekenkamer;NA;Programma Woningbouw 2022;Overig;NA;NA;NA;FALSE;NA;NA;NA;NA;NA;NA;2,59746000000025e+01;0,91951306302851521;NA;NA;NA;NA;Geen richting;NA;122,1639999999999873;0,11537575224114026;FALSE
Wonen;Woningen tekort (aantal);2020;2025;6;331,00000000000000;396,00000000000000;aantal;CBS/SBF;Rekenkamer;Lager tekort is beter;Programma Woningbouw 2022;Overig;NA;NA;NA;FALSE;NA;NA;NA;NA;NA;lager;2,18857142857187e+01;0,64877930119426075;NA;NA;NA;NA;Alleen richting;Verkeerde kant op;65,0000000000000000;0,19637462235649547;FALSE
Zorg;% rokers 12-18 jr.;2020;2025;6;4,20000000000000;7,90000000000000;NA;RIVM/CBS;Rekenkamer;2040: 0% (12-25jr.);Nationaal Preventieakkoord 2018/Samenhangende preventiestrategie;Beleidsafspraak;NA;0,0;2040;FALSE;NA;NA;NA;NA;NA;lager;6,40000000000038e-01;0,82835130970713544;17,833333333333485;-0,88095238095238093;-7,90000000000000e+00;-1,78333333333335e+01;Verkeerde richting;Verkeerde kant op;3,7000000000000002;0,88095238095238093;TRUE
Zorg;% rokers > 18 jr.;2020;2025;6;20,20000000000000;17,80000000000000;NA;NA;Rekenkamer;NA;NA;NA;NA;NA;NA;FALSE;NA;NA;NA;NA;NA;lager;-5,45714285714368e-01;0,86739052902718905;NA;NA;NA;NA;Alleen richting;Goede kant op;-2,3999999999999986;-0,11881188118811875;FALSE
Zorg;Gemiddelde wachttijd behandeling ziekenhuis (% langer dan Treeknorm);2022;2025;4;46,20000000000000;42,00000000000000;% langer dan Treeknorm;Nza;Rekenkamer;een lager % is beter;Wet Marktordening Gezondheidszorg;Wet of verdrag;NA;NA;NA;FALSE;NA;NA;NA;NA;NA;lager;-1,50000000000000e+00;0,92288761279737586;NA;NA;NA;NA;Alleen richting;Goede kant op;-4,2000000000000028;-0,09090909090909097;FALSE
Zorg;Gezonde levensverwachting (bij geboorte) - mannen;2020;2025;6;66,40000000000001;64,09999999999999;NA;RIVM/CBS;Rekenkamer;een hogere leeftijd is beter;Nationaal Preventieakkoord 2018/Samenhangende preventiestrategie;Beleidsafspraak;NA;NA;NA;FALSE;NA;NA;NA;NA;NA;hoger;-4,65714285714313e-01;0,51187746845189275;NA;NA;NA;NA;Alleen richting;Verkeerde kant op;-2,3000000000000114;-0,03463855421686764;FALSE
Zorg;Gezonde levensverwachting (bij geboorte) - vrouwen;2020;2025;6;65,80000000000000;62,00000000000000;NA;RIVM/CBS;Rekenkamer;een hogere leeftijd is beter;Nationaal Preventieakkoord 2018/Samenhangende preventiestrategie;Beleidsafspraak;NA;NA;NA;FALSE;NA;NA;NA;NA;NA;hoger;-8,05714285714365e-01;0,77423249172448860;NA;NA;NA;NA;Alleen richting;Verkeerde kant op;-3,7999999999999972;-0,05775075987841941;FALSE
Zorg;Vaccinatiegraad Rijksvaccinatieprogramma zuigelingen (geregistreerde vaccinaties BMR);2020;2025;6;93,59999999999999;88,80000000000000;NA;NA;Rekenkamer;Minimaal 95%;Professionele norm WHO en RIVM voor effectieve bescherming;Beleidsafspraak;NA;95,0;2030;FALSE;NA;NA;NA;NA;NA;hoger;-1,19142857142875e+00;0,87116555196517054;82,214285714284870;-3,42857142857141284;6,20000000000000e+00;1,27857142857151e+01;Verkeerde richting;Verkeerde kant op;-4,7999999999999972;-0,05128205128205125;TRUE
Zorg;Vaccinatiegraad Rijksvaccinatieprogramma zuigelingen (geregistreerde vaccinaties totaal);2020;2025;6;90,80000000000000;86,00000000000000;NA;RIVM;Rekenkamer;Minimaal 90%;Professionele norm WHO en RIVM voor effectieve bescherming;Beleidsafspraak;NA;90,0;2030;FALSE;NA;NA;NA;NA;NA;hoger;-1,52000000000023e+00;0,65114880824568522;76,366666666665878;6,00000000000001776;4,00000000000000e+00;1,36333333333341e+01;Verkeerde richting;Verkeerde kant op;-4,7999999999999972;-0,05286343612334799;TRUE
Zorg;Voldoende beweging (% bevolking > 4 jr.);2020;2025;6;52,70000000000000;47,00000000000000;% bevolking > 4 jr.;RIVM/CBS;Rekenkamer;2040: minimaal 75% (4-17 jr.);Nationaal Preventieakkoord 2018/Samenhangende preventiestrategie;Beleidsafspraak;NA;75,0;2040;FALSE;NA;NA;NA;NA;NA;hoger;-8,77142857142801e-01;0,30580632601289071;31,733333333334940;-0,25560538116591947;2,80000000000000e+01;4,32666666666651e+01;Verkeerde richting;Verkeerde kant op;-5,7000000000000028;-0,10815939278937386;TRUE
